User country,Score,Traveler type,Pool,Casino,Hotel name,Review month
USA,5,Friends,NO,YES,Circus Circus Hotel & Casino Las Vegas,January
USA,3,Business,NO,YES,Circus Circus Hotel & Casino Las Vegas,January
USA,5,Families,NO,YES,Circus Circus Hotel & Casino Las Vegas,February
UK,4,Friends,NO,YES,Circus Circus Hotel & Casino Las Vegas,February
Canada,4,Solo,NO,YES,Circus Circus Hotel & Casino Las Vegas,March
Canada,3,Couples,NO,YES,Circus Circus Hotel & Casino Las Vegas,March
UK,4,Couples,NO,YES,Circus Circus Hotel & Casino Las Vegas,April
USA,4,Families,NO,YES,Circus Circus Hotel & Casino Las Vegas,April
India,4,Friends,NO,YES,Circus Circus Hotel & Casino Las Vegas,May
Canada,3,Families,NO,YES,Circus Circus Hotel & Casino Las Vegas,May
USA,2,Families,NO,YES,Circus Circus Hotel & Casino Las Vegas,June
Australia,3,Friends,NO,YES,Circus Circus Hotel & Casino Las Vegas,June
USA,2,Friends,NO,YES,Circus Circus Hotel & Casino Las Vegas,July
USA,3,Friends,NO,YES,Circus Circus Hotel & Casino Las Vegas,July
UK,3,Friends,NO,YES,Circus Circus Hotel & Casino Las Vegas,August
New Zeland,4,Families,NO,YES,Circus Circus Hotel & Casino Las Vegas,August
Canada,1,Families,NO,YES,Circus Circus Hotel & Casino Las Vegas,September
USA,4,Families,NO,YES,Circus Circus Hotel & Casino Las Vegas,September
Canada,3,Couples,NO,YES,Circus Circus Hotel & Casino Las Vegas,October
USA,2,Couples,NO,YES,Circus Circus Hotel & Casino Las Vegas,October
UK,4,Couples,NO,YES,Circus Circus Hotel & Casino Las Vegas,November
New Zeland,1,Couples,NO,YES,Circus Circus Hotel & Casino Las Vegas,November
UK,4,Families,NO,YES,Circus Circus Hotel & Casino Las Vegas,December
USA,2,Couples,NO,YES,Circus Circus Hotel & Casino Las Vegas,December
Ireland,4,Couples,YES,YES,Excalibur Hotel & Casino,January
USA,4,Business,YES,YES,Excalibur Hotel & Casino,January
Canada,5,Couples,YES,YES,Excalibur Hotel & Casino,February
UK,3,Business,YES,YES,Excalibur Hotel & Casino,February
USA,5,Solo,YES,YES,Excalibur Hotel & Casino,March
Ireland,5,Couples,YES,YES,Excalibur Hotel & Casino,March
Canada,5,Couples,YES,YES,Excalibur Hotel & Casino,April
Australia,3,Couples,YES,YES,Excalibur Hotel & Casino,April
Canada,3,Solo,YES,YES,Excalibur Hotel & Casino,May
Egypt,3,Friends,YES,YES,Excalibur Hotel & Casino,May
Australia,4,Couples,YES,YES,Excalibur Hotel & Casino,June
Finland,3,Couples,YES,YES,Excalibur Hotel & Casino,June
USA,4,Friends,YES,YES,Excalibur Hotel & Casino,July
Kenya,4,Friends,YES,YES,Excalibur Hotel & Casino,July
USA,4,Couples,YES,YES,Excalibur Hotel & Casino,August
USA,2,Families,YES,YES,Excalibur Hotel & Casino,August
Jordan,3,Business,YES,YES,Excalibur Hotel & Casino,September
Canada,3,Couples,YES,YES,Excalibur Hotel & Casino,September
Netherlands,3,Families,YES,YES,Excalibur Hotel & Casino,October
Ireland,4,Friends,YES,YES,Excalibur Hotel & Casino,October
USA,4,Families,YES,YES,Excalibur Hotel & Casino,November
UK,4,Friends,YES,YES,Excalibur Hotel & Casino,November
UK,4,Couples,YES,YES,Excalibur Hotel & Casino,December
Syria,3,Solo,YES,YES,Excalibur Hotel & Casino,December
UK,3,Couples,YES,YES,Monte Carlo Resort&Casino,January
USA,4,Solo,YES,YES,Monte Carlo Resort&Casino,January
USA,2,Couples,YES,YES,Monte Carlo Resort&Casino,February
USA,4,Couples,YES,YES,Monte Carlo Resort&Casino,February
Canada,3,Couples,YES,YES,Monte Carlo Resort&Casino,March
USA,4,Business,YES,YES,Monte Carlo Resort&Casino,March
Scotland,5,Couples,YES,YES,Monte Carlo Resort&Casino,April
South Africa,2,Business,YES,YES,Monte Carlo Resort&Casino,April
Australia,4,Couples,YES,YES,Monte Carlo Resort&Casino,May
UK,4,Couples,YES,YES,Monte Carlo Resort&Casino,May
Ireland,4,Couples,YES,YES,Monte Carlo Resort&Casino,June
Canada,4,Friends,YES,YES,Monte Carlo Resort&Casino,June
UK,4,Families,YES,YES,Monte Carlo Resort&Casino,July
New Zeland,3,Couples,YES,YES,Monte Carlo Resort&Casino,July
Swiss,2,Solo,YES,YES,Monte Carlo Resort&Casino,August
UK,3,Families,YES,YES,Monte Carlo Resort&Casino,August
United Arab Emirates,3,Friends,YES,YES,Monte Carlo Resort&Casino,September
Ireland,4,Couples,YES,YES,Monte Carlo Resort&Casino,September
USA,3,Families,YES,YES,Monte Carlo Resort&Casino,October
USA,2,Couples,YES,YES,Monte Carlo Resort&Casino,October
Hungary,4,Couples,YES,YES,Monte Carlo Resort&Casino,November
China,1,Business,YES,YES,Monte Carlo Resort&Casino,November
Greece,2,Business,YES,YES,Monte Carlo Resort&Casino,December
Mexico,5,Couples,YES,YES,Monte Carlo Resort&Casino,December
Croatia,3,Business,YES,YES,Treasure Island- TI Hotel & Casino,January
Australia,4,Couples,YES,YES,Treasure Island- TI Hotel & Casino,January
Canada,4,Friends,YES,YES,Treasure Island- TI Hotel & Casino,February
USA,5,Solo,YES,YES,Treasure Island- TI Hotel & Casino,February
USA,4,Couples,YES,YES,Treasure Island- TI Hotel & Casino,March
Canada,4,Friends,YES,YES,Treasure Island- TI Hotel & Casino,March
USA,4,Friends,YES,YES,Treasure Island- TI Hotel & Casino,April
Australia,3,Families,YES,YES,Treasure Island- TI Hotel & Casino,April
India,3,Families,YES,YES,Treasure Island- TI Hotel & Casino,May
Germany,4,Friends,YES,YES,Treasure Island- TI Hotel & Casino,May
USA,3,Families,YES,YES,Treasure Island- TI Hotel & Casino,June
Canada,4,Couples,YES,YES,Treasure Island- TI Hotel & Casino,June
Australia,5,Couples,YES,YES,Treasure Island- TI Hotel & Casino,July
Malaysia,4,Solo,YES,YES,Treasure Island- TI Hotel & Casino,July
Mexico,4,Couples,YES,YES,Treasure Island- TI Hotel & Casino,August
UK,4,Couples,YES,YES,Treasure Island- TI Hotel & Casino,August
UK,3,Couples,YES,YES,Treasure Island- TI Hotel & Casino,September
USA,4,Business,YES,YES,Treasure Island- TI Hotel & Casino,September
Australia,5,Families,YES,YES,Treasure Island- TI Hotel & Casino,October
USA,3,Couples,YES,YES,Treasure Island- TI Hotel & Casino,October
Thailand,5,Couples,YES,YES,Treasure Island- TI Hotel & Casino,November
Australia,4,Families,YES,YES,Treasure Island- TI Hotel & Casino,November
Canada,4,Friends,YES,YES,Treasure Island- TI Hotel & Casino,December
Canada,5,Couples,YES,YES,Treasure Island- TI Hotel & Casino,December
UK,4,Families,YES,YES,Tropicana Las Vegas - A Double Tree by Hilton Hotel,January
USA,5,Friends,YES,YES,Tropicana Las Vegas - A Double Tree by Hilton Hotel,January
Phillippines,3,Couples,YES,YES,Tropicana Las Vegas - A Double Tree by Hilton Hotel,February
Israel,3,Business,YES,YES,Tropicana Las Vegas - A Double Tree by Hilton Hotel,February
Canada,4,Business,YES,YES,Tropicana Las Vegas - A Double Tree by Hilton Hotel,March
UK,4,Couples,YES,YES,Tropicana Las Vegas - A Double Tree by Hilton Hotel,March
Ireland,5,Couples,YES,YES,Tropicana Las Vegas - A Double Tree by Hilton Hotel,April
India ,4,Business,YES,YES,Tropicana Las Vegas - A Double Tree by Hilton Hotel,April
New Zeland,4,Couples,YES,YES,Tropicana Las Vegas - A Double Tree by Hilton Hotel,May
Belgium,3,Friends,YES,YES,Tropicana Las Vegas - A Double Tree by Hilton Hotel,May
UK,4,Business,YES,YES,Tropicana Las Vegas - A Double Tree by Hilton Hotel,June
Australia,4,Friends,YES,YES,Tropicana Las Vegas - A Double Tree by Hilton Hotel,June
UK,4,Solo,YES,YES,Tropicana Las Vegas - A Double Tree by Hilton Hotel,July
UK,4,Couples,YES,YES,Tropicana Las Vegas - A Double Tree by Hilton Hotel,July
New Zeland,5,Friends,YES,YES,Tropicana Las Vegas - A Double Tree by Hilton Hotel,August
Australia,5,Couples,YES,YES,Tropicana Las Vegas - A Double Tree by Hilton Hotel,August
Canada,1,Couples,YES,YES,Tropicana Las Vegas - A Double Tree by Hilton Hotel,September
Australia,5,Couples,YES,YES,Tropicana Las Vegas - A Double Tree by Hilton Hotel,September
UK,5,Friends,YES,YES,Tropicana Las Vegas - A Double Tree by Hilton Hotel,October
USA,2,Friends,YES,YES,Tropicana Las Vegas - A Double Tree by Hilton Hotel,October
India,4,Solo,YES,YES,Tropicana Las Vegas - A Double Tree by Hilton Hotel,November
Netherlands,5,Friends,YES,YES,Tropicana Las Vegas - A Double Tree by Hilton Hotel,November
UK,5,Couples,YES,YES,Tropicana Las Vegas - A Double Tree by Hilton Hotel,December
UK,5,Families,YES,YES,Tropicana Las Vegas - A Double Tree by Hilton Hotel,December
USA,5,Friends,YES,YES,Caesars Palace,January
USA,4,Couples,YES,YES,Caesars Palace,January
Puerto Rico,5,Families,YES,YES,Caesars Palace,February
Canada,5,Families,YES,YES,Caesars Palace,February
USA,5,Families,YES,YES,Caesars Palace,March
USA,3,Families,YES,YES,Caesars Palace,March
Canada,5,Couples,YES,YES,Caesars Palace,April
USA,4,Couples,YES,YES,Caesars Palace,April
UK,1,Couples,YES,YES,Caesars Palace,May
UK,4,Couples,YES,YES,Caesars Palace,May
USA,4,Couples,YES,YES,Caesars Palace,June
USA,1,Solo,YES,YES,Caesars Palace,June
USA,5,Couples,YES,YES,Caesars Palace,July
UK,3,Families,YES,YES,Caesars Palace,July
UK,5,Families,YES,YES,Caesars Palace,August
Canada,4,Friends,YES,YES,Caesars Palace,August
USA,5,Couples,YES,YES,Caesars Palace,September
USA,5,Couples,YES,YES,Caesars Palace,September
USA,5,Business,YES,YES,Caesars Palace,October
USA,5,Friends,YES,YES,Caesars Palace,October
Australia,5,Couples,YES,YES,Caesars Palace,November
Australia,3,Families,YES,YES,Caesars Palace,November
USA,4,Families,YES,YES,Caesars Palace,December
USA,4,Couples,YES,YES,Caesars Palace,December
Australia,4,Friends,YES,YES,The Cosmopolitan Las Vegas,January
Australia,5,Friends,YES,YES,The Cosmopolitan Las Vegas,January
Switzerland,4,Friends,YES,YES,The Cosmopolitan Las Vegas,February
UK,5,Couples,YES,YES,The Cosmopolitan Las Vegas,February
USA,5,Couples,YES,YES,The Cosmopolitan Las Vegas,March
USA,5,Couples,YES,YES,The Cosmopolitan Las Vegas,March
Ireland,4,Friends,YES,YES,The Cosmopolitan Las Vegas,April
USA,5,Business,YES,YES,The Cosmopolitan Las Vegas,April
Germany,5,Families,YES,YES,The Cosmopolitan Las Vegas,May
USA,2,Business,YES,YES,The Cosmopolitan Las Vegas,May
Germany,2,Couples,YES,YES,The Cosmopolitan Las Vegas,June
Ireland,5,Friends,YES,YES,The Cosmopolitan Las Vegas,June
USA,1,Business,YES,YES,The Cosmopolitan Las Vegas,July
Australia,4,Friends,YES,YES,The Cosmopolitan Las Vegas,July
Canada,5,Families,YES,YES,The Cosmopolitan Las Vegas,August
USA,4,Couples,YES,YES,The Cosmopolitan Las Vegas,August
UK,5,Couples,YES,YES,The Cosmopolitan Las Vegas,September
Norway,5,Couples,YES,YES,The Cosmopolitan Las Vegas,September
USA,5,Couples,YES,YES,The Cosmopolitan Las Vegas,October
UK,5,Friends,YES,YES,The Cosmopolitan Las Vegas,October
Egypt,5,Business,YES,YES,The Cosmopolitan Las Vegas,November
USA,5,Business,YES,YES,The Cosmopolitan Las Vegas,November
Canada,2,Couples,YES,YES,The Cosmopolitan Las Vegas,December
USA,5,Families,YES,YES,The Cosmopolitan Las Vegas,December
Mexico,3,Couples,YES,YES,The Palazzo Resort Hotel Casino,January
USA,5,Families,YES,YES,The Palazzo Resort Hotel Casino,January
Canada,5,Couples,YES,YES,The Palazzo Resort Hotel Casino,February
USA,4,Couples,YES,YES,The Palazzo Resort Hotel Casino,February
Canada,5,Families,YES,YES,The Palazzo Resort Hotel Casino,March
Canada,5,Families,YES,YES,The Palazzo Resort Hotel Casino,March
USA,4,Couples,YES,YES,The Palazzo Resort Hotel Casino,April
Canada,5,Couples,YES,YES,The Palazzo Resort Hotel Casino,April
France,5,Couples,YES,YES,The Palazzo Resort Hotel Casino,May
UK,5,Business,YES,YES,The Palazzo Resort Hotel Casino,May
USA,4,Friends,YES,YES,The Palazzo Resort Hotel Casino,June
USA,3,Couples,YES,YES,The Palazzo Resort Hotel Casino,June
Spain,4,Friends,YES,YES,The Palazzo Resort Hotel Casino,July
USA,5,Families,YES,YES,The Palazzo Resort Hotel Casino,July
UK,4,Friends,YES,YES,The Palazzo Resort Hotel Casino,August
USA,4,Business,YES,YES,The Palazzo Resort Hotel Casino,August
UK,3,Friends,YES,YES,The Palazzo Resort Hotel Casino,September
USA,5,Families,YES,YES,The Palazzo Resort Hotel Casino,September
Canada,5,Families,YES,YES,The Palazzo Resort Hotel Casino,October
Australia,5,Couples,YES,YES,The Palazzo Resort Hotel Casino,October
Singapore,5,Friends,YES,YES,The Palazzo Resort Hotel Casino,November
Brazil,3,Families,YES,YES,The Palazzo Resort Hotel Casino,November
USA,5,Couples,YES,YES,The Palazzo Resort Hotel Casino,December
USA,4,Families,YES,YES,The Palazzo Resort Hotel Casino,December
USA,5,Couples,YES,YES,Wynn Las Vegas,January
USA,5,Families,YES,YES,Wynn Las Vegas,January
Canada,4,Couples,YES,YES,Wynn Las Vegas,February
USA,5,Couples,YES,YES,Wynn Las Vegas,February
USA,5,Friends,YES,YES,Wynn Las Vegas,March
USA,4,Business,YES,YES,Wynn Las Vegas,March
USA,5,Business,YES,YES,Wynn Las Vegas,April
USA,4,Couples,YES,YES,Wynn Las Vegas,April
Singapore,3,Solo,YES,YES,Wynn Las Vegas,May
UK,5,Couples,YES,YES,Wynn Las Vegas,May
USA,5,Couples,YES,YES,Wynn Las Vegas,June
USA,5,Couples,YES,YES,Wynn Las Vegas,June
USA,5,Couples,YES,YES,Wynn Las Vegas,July
Canada,5,Couples,YES,YES,Wynn Las Vegas,July
Canada,5,Couples,YES,YES,Wynn Las Vegas,August
Finland,5,Solo,YES,YES,Wynn Las Vegas,August
Canada,2,Business,YES,YES,Wynn Las Vegas,September
Canada,5,Friends,YES,YES,Wynn Las Vegas,September
USA,4,Couples,YES,YES,Wynn Las Vegas,October
UK,5,Couples,YES,YES,Wynn Las Vegas,October
Costa Rica,5,Business,YES,YES,Wynn Las Vegas,November
UK,5,Couples,YES,YES,Wynn Las Vegas,November
UK,5,Couples,YES,YES,Wynn Las Vegas,December
USA,5,Couples,YES,YES,Wynn Las Vegas,December
UK,5,Solo,YES,YES,Trump International Hotel Las Vegas,January
India,5,Business,YES,YES,Trump International Hotel Las Vegas,January
USA,5,Business,YES,YES,Trump International Hotel Las Vegas,February
USA,5,Families,YES,YES,Trump International Hotel Las Vegas,February
USA,5,Couples,YES,YES,Trump International Hotel Las Vegas,March
USA,3,Couples,YES,YES,Trump International Hotel Las Vegas,March
United Arab Emirates,4,Couples,YES,YES,Trump International Hotel Las Vegas,April
USA,5,Couples,YES,YES,Trump International Hotel Las Vegas,April
Singapore,4,Families,YES,YES,Trump International Hotel Las Vegas,May
Brazil,5,Families,YES,YES,Trump International Hotel Las Vegas,May
USA,5,Couples,YES,YES,Trump International Hotel Las Vegas,June
USA,5,Business,YES,YES,Trump International Hotel Las Vegas,June
Canada,5,Families,YES,YES,Trump International Hotel Las Vegas,July
USA,4,Families,YES,YES,Trump International Hotel Las Vegas,July
Iran,4,Couples,YES,YES,Trump International Hotel Las Vegas,August
USA,5,Couples,YES,YES,Trump International Hotel Las Vegas,August
UK,5,Families,YES,YES,Trump International Hotel Las Vegas,September
Egypt,1,Families,YES,YES,Trump International Hotel Las Vegas,September
Ireland,5,Friends,YES,YES,Trump International Hotel Las Vegas,October
Australia,5,Couples,YES,YES,Trump International Hotel Las Vegas,October
Germany,2,Couples,YES,YES,Trump International Hotel Las Vegas,November
Australia,4,Families,YES,YES,Trump International Hotel Las Vegas,November
USA,4,Business,YES,YES,Trump International Hotel Las Vegas,December
USA,5,Couples,YES,YES,Trump International Hotel Las Vegas,December
Saudi Arabia,3,Business,YES,YES,The Cromwell,January
USA,4,Business,YES,YES,The Cromwell,January
USA,5,Families,YES,YES,The Cromwell,February
USA,5,Couples,YES,YES,The Cromwell,February
USA,2,Solo,YES,YES,The Cromwell,March
USA,5,Friends,YES,YES,The Cromwell,March
Canada,5,Couples,YES,YES,The Cromwell,April
Canada,2,Families,YES,YES,The Cromwell,April
USA,5,Friends,YES,YES,The Cromwell,May
USA,5,Couples,YES,YES,The Cromwell,May
USA,5,Friends,YES,YES,The Cromwell,June
USA,5,Couples,YES,YES,The Cromwell,June
USA,5,Couples,YES,YES,The Cromwell,July
USA,1,Friends,YES,YES,The Cromwell,July
Netherlands,5,Couples,YES,YES,The Cromwell,August
UK,4,Families,YES,YES,The Cromwell,August
USA,5,Couples,YES,YES,The Cromwell,September
Australia,4,Business,YES,YES,The Cromwell,September
USA,3,Families,YES,YES,The Cromwell,October
Norway,5,Friends,YES,YES,The Cromwell,October
Canada,3,Couples,YES,YES,The Cromwell,November
USA,4,Business,YES,YES,The Cromwell,November
Canada,4,Couples,YES,YES,The Cromwell,December
USA,4,Couples,YES,YES,The Cromwell,December
Thailand,1,Business,YES,YES,Encore at wynn Las Vegas,January
USA,5,Couples,YES,YES,Encore at wynn Las Vegas,January
UK,4,Couples,YES,YES,Encore at wynn Las Vegas,February
USA,5,Business,YES,YES,Encore at wynn Las Vegas,February
USA,5,Couples,YES,YES,Encore at wynn Las Vegas,March
USA,4,Friends,YES,YES,Encore at wynn Las Vegas,March
UK,3,Families,YES,YES,Encore at wynn Las Vegas,April
Honduras,4,Friends,YES,YES,Encore at wynn Las Vegas,April
USA,5,Business,YES,YES,Encore at wynn Las Vegas,May
UK,5,Friends,YES,YES,Encore at wynn Las Vegas,May
UK,5,Couples,YES,YES,Encore at wynn Las Vegas,June
USA,4,Business,YES,YES,Encore at wynn Las Vegas,June
USA,5,Friends,YES,YES,Encore at wynn Las Vegas,July
USA,5,Families,YES,YES,Encore at wynn Las Vegas,July
UK,5,Families,YES,YES,Encore at wynn Las Vegas,August
USA,5,Families,YES,YES,Encore at wynn Las Vegas,August
USA,5,Couples,YES,YES,Encore at wynn Las Vegas,September
UK,5,Friends,YES,YES,Encore at wynn Las Vegas,September
USA,5,Couples,YES,YES,Encore at wynn Las Vegas,October
UK,4,Business,YES,YES,Encore at wynn Las Vegas,October
India,5,Couples,YES,YES,Encore at wynn Las Vegas,November
USA,5,Couples,YES,YES,Encore at wynn Las Vegas,November
USA,5,Friends,YES,YES,Encore at wynn Las Vegas,December
USA,5,Business,YES,YES,Encore at wynn Las Vegas,December
USA,5,Couples,YES,YES,Hilton Grand Vacations on the Boulevard,January
USA,2,Families,YES,YES,Hilton Grand Vacations on the Boulevard,January
Mexico,5,Business,YES,YES,Hilton Grand Vacations on the Boulevard,February
Canada,5,Couples,YES,YES,Hilton Grand Vacations on the Boulevard,February
UK,5,Couples,YES,YES,Hilton Grand Vacations on the Boulevard,March
Netherlands,4,Couples,YES,YES,Hilton Grand Vacations on the Boulevard,March
Australia,4,Business,YES,YES,Hilton Grand Vacations on the Boulevard,April
Canada,4,Families,YES,YES,Hilton Grand Vacations on the Boulevard,April
Brazil,5,Families,YES,YES,Hilton Grand Vacations on the Boulevard,May
USA,1,Couples,YES,YES,Hilton Grand Vacations on the Boulevard,May
USA,5,Friends,YES,YES,Hilton Grand Vacations on the Boulevard,June
USA,5,Solo,YES,YES,Hilton Grand Vacations on the Boulevard,June
Finland,4,Families,YES,YES,Hilton Grand Vacations on the Boulevard,July
UK,5,Families,YES,YES,Hilton Grand Vacations on the Boulevard,July
USA,4,Couples,YES,YES,Hilton Grand Vacations on the Boulevard,August
UK,5,Families,YES,YES,Hilton Grand Vacations on the Boulevard,August
Canada,5,Families,YES,YES,Hilton Grand Vacations on the Boulevard,September
USA,5,Solo,YES,YES,Hilton Grand Vacations on the Boulevard,September
UK,2,Couples,YES,YES,Hilton Grand Vacations on the Boulevard,October
USA,4,Business,YES,YES,Hilton Grand Vacations on the Boulevard,October
USA,3,Families,YES,YES,Hilton Grand Vacations on the Boulevard,November
Mexico,4,Families,YES,YES,Hilton Grand Vacations on the Boulevard,November
USA,5,Couples,YES,YES,Hilton Grand Vacations on the Boulevard,December
Australia,4,Couples,YES,YES,Hilton Grand Vacations on the Boulevard,December
Canada,4,Business,YES,YES,Marriott's Grand Chateau,January
USA,4,Business,YES,YES,Marriott's Grand Chateau,January
USA,5,Families,YES,YES,Marriott's Grand Chateau,February
USA,5,Business,YES,YES,Marriott's Grand Chateau,February
UK,4,Friends,YES,YES,Marriott's Grand Chateau,March
Germany,5,Business,YES,YES,Marriott's Grand Chateau,March
Canada,5,Couples,YES,YES,Marriott's Grand Chateau,April
USA,4,Couples,YES,YES,Marriott's Grand Chateau,April
Australia,4,Couples,YES,YES,Marriott's Grand Chateau,May
Canada,4,Business,YES,YES,Marriott's Grand Chateau,May
USA,5,Families,YES,YES,Marriott's Grand Chateau,June
Australia,5,Families,YES,YES,Marriott's Grand Chateau,June
USA,5,Couples,YES,YES,Marriott's Grand Chateau,July
Denmark,5,Couples,YES,YES,Marriott's Grand Chateau,July
Taiwan,5,Families,YES,YES,Marriott's Grand Chateau,August
Israel,5,Families,YES,YES,Marriott's Grand Chateau,August
Hawaii,5,Friends,YES,YES,Marriott's Grand Chateau,September
USA,5,Friends,YES,YES,Marriott's Grand Chateau,September
Thailand,3,Business,YES,YES,Marriott's Grand Chateau,October
Mexico,5,Families,YES,YES,Marriott's Grand Chateau,October
Kuwait,4,Couples,YES,YES,Marriott's Grand Chateau,November
Norway,4,Couples,YES,YES,Marriott's Grand Chateau,November
USA,5,Couples,YES,YES,Marriott's Grand Chateau,December
Germany,4,Families,YES,YES,Marriott's Grand Chateau,December
USA,5,Couples,YES,YES,Tuscany Las Vegas Suites & Casino,January
USA,5,Friends,YES,YES,Tuscany Las Vegas Suites & Casino,January
UK,3,Business,YES,YES,Tuscany Las Vegas Suites & Casino,February
USA,5,Business,YES,YES,Tuscany Las Vegas Suites & Casino,February
USA,5,Friends,YES,YES,Tuscany Las Vegas Suites & Casino,March
USA,5,Couples,YES,YES,Tuscany Las Vegas Suites & Casino,March
Brazil,5,Couples,YES,YES,Tuscany Las Vegas Suites & Casino,April
USA,4,Couples,YES,YES,Tuscany Las Vegas Suites & Casino,April
India,2,Families,YES,YES,Tuscany Las Vegas Suites & Casino,May
USA,3,Business,YES,YES,Tuscany Las Vegas Suites & Casino,May
Malaysia,5,Friends,YES,YES,Tuscany Las Vegas Suites & Casino,June
USA,3,Couples,YES,YES,Tuscany Las Vegas Suites & Casino,June
Germany,5,Couples,YES,YES,Tuscany Las Vegas Suites & Casino,July
Canada,4,Business,YES,YES,Tuscany Las Vegas Suites & Casino,July
Canada,3,Business,YES,YES,Tuscany Las Vegas Suites & Casino,August
USA,4,Couples,YES,YES,Tuscany Las Vegas Suites & Casino,August
Australia,5,Couples,YES,YES,Tuscany Las Vegas Suites & Casino,September
USA,5,Couples,YES,YES,Tuscany Las Vegas Suites & Casino,September
UK,3,Couples,YES,YES,Tuscany Las Vegas Suites & Casino,October
Canada,5,Business,YES,YES,Tuscany Las Vegas Suites & Casino,October
USA,4,Couples,YES,YES,Tuscany Las Vegas Suites & Casino,November
USA,3,Business,YES,YES,Tuscany Las Vegas Suites & Casino,November
Canada,5,Families,YES,YES,Tuscany Las Vegas Suites & Casino,December
USA,5,Friends,YES,YES,Tuscany Las Vegas Suites & Casino,December
USA,3,Business,YES,NO,Hilton Grand Vacations at the Flamingo,January
USA,5,Couples,YES,NO,Hilton Grand Vacations at the Flamingo,January
UK,2,Couples,YES,NO,Hilton Grand Vacations at the Flamingo,February
USA,2,Families,YES,NO,Hilton Grand Vacations at the Flamingo,February
USA,5,Friends,YES,NO,Hilton Grand Vacations at the Flamingo,March
Hawaii,5,Couples,YES,NO,Hilton Grand Vacations at the Flamingo,March
Hawaii,3,Families,YES,NO,Hilton Grand Vacations at the Flamingo,April
Canada,3,Families,YES,NO,Hilton Grand Vacations at the Flamingo,April
USA,3,Friends,YES,NO,Hilton Grand Vacations at the Flamingo,May
Canada,3,Families,YES,NO,Hilton Grand Vacations at the Flamingo,May
USA,5,Couples,YES,NO,Hilton Grand Vacations at the Flamingo,June
Australia,4,Couples,YES,NO,Hilton Grand Vacations at the Flamingo,June
USA,3,Families,YES,NO,Hilton Grand Vacations at the Flamingo,July
Canada,5,Couples,YES,NO,Hilton Grand Vacations at the Flamingo,July
USA,4,Families,YES,NO,Hilton Grand Vacations at the Flamingo,August
USA,5,Families,YES,NO,Hilton Grand Vacations at the Flamingo,August
Canada,5,Friends,YES,NO,Hilton Grand Vacations at the Flamingo,September
USA,4,Business,YES,NO,Hilton Grand Vacations at the Flamingo,September
Australia,4,Families,YES,NO,Hilton Grand Vacations at the Flamingo,October
India,4,Couples,YES,NO,Hilton Grand Vacations at the Flamingo,October
Czech Republic,4,Business,YES,NO,Hilton Grand Vacations at the Flamingo,November
USA,5,Business,YES,NO,Hilton Grand Vacations at the Flamingo,November
USA,4,Couples,YES,NO,Hilton Grand Vacations at the Flamingo,December
Mexico,5,Families,YES,NO,Hilton Grand Vacations at the Flamingo,December
USA,4,Friends,YES,NO,Wyndham Grand Desert,January
Australia,5,Families,YES,NO,Wyndham Grand Desert,January
USA,5,Couples,YES,NO,Wyndham Grand Desert,February
Canada,5,Couples,YES,NO,Wyndham Grand Desert,February
USA,5,Friends,YES,NO,Wyndham Grand Desert,March
USA,4,Couples,YES,NO,Wyndham Grand Desert,March
Canada,5,Families,YES,NO,Wyndham Grand Desert,April
USA,5,Couples,YES,NO,Wyndham Grand Desert,April
Australia,4,Families,YES,NO,Wyndham Grand Desert,May
USA,4,Business,YES,NO,Wyndham Grand Desert,May
UK,5,Couples,YES,NO,Wyndham Grand Desert,June
India,5,Families,YES,NO,Wyndham Grand Desert,June
UK,5,Families,YES,NO,Wyndham Grand Desert,July
USA,4,Friends,YES,NO,Wyndham Grand Desert,July
USA,3,Families,YES,NO,Wyndham Grand Desert,August
Canada,5,Couples,YES,NO,Wyndham Grand Desert,August
USA,5,Friends,YES,NO,Wyndham Grand Desert,September
USA,4,Business,YES,NO,Wyndham Grand Desert,September
Ireland,3,Couples,YES,NO,Wyndham Grand Desert,October
UK,4,Couples,YES,NO,Wyndham Grand Desert,October
Japan,3,Families,YES,NO,Wyndham Grand Desert,November
USA,4,Families,YES,NO,Wyndham Grand Desert,November
USA,4,Families,YES,NO,Wyndham Grand Desert,December
Canada,5,Friends,YES,NO,Wyndham Grand Desert,December
Ireland,4,Business,YES,YES,The Venetian Las Vegas Hotel,January
USA,5,Solo,YES,YES,The Venetian Las Vegas Hotel,January
USA,4,Families,YES,YES,The Venetian Las Vegas Hotel,February
Mexico,5,Couples,YES,YES,The Venetian Las Vegas Hotel,February
USA,3,Couples,YES,YES,The Venetian Las Vegas Hotel,March
USA,5,Couples,YES,YES,The Venetian Las Vegas Hotel,March
Israel,5,Couples,YES,YES,The Venetian Las Vegas Hotel,April
Australia,4,Couples,YES,YES,The Venetian Las Vegas Hotel,April
Australia,4,Families,YES,YES,The Venetian Las Vegas Hotel,May
UK,5,Couples,YES,YES,The Venetian Las Vegas Hotel,May
USA,5,Couples,YES,YES,The Venetian Las Vegas Hotel,June
USA,5,Business,YES,YES,The Venetian Las Vegas Hotel,June
Australia,4,Couples,YES,YES,The Venetian Las Vegas Hotel,July
UK,4,Couples,YES,YES,The Venetian Las Vegas Hotel,July
Canada,5,Families,YES,YES,The Venetian Las Vegas Hotel,August
UK,5,Couples,YES,YES,The Venetian Las Vegas Hotel,August
UK,5,Couples,YES,YES,The Venetian Las Vegas Hotel,September
UK,5,Couples,YES,YES,The Venetian Las Vegas Hotel,September
Brazil,5,Couples,YES,YES,The Venetian Las Vegas Hotel,October
UK,4,Couples,YES,YES,The Venetian Las Vegas Hotel,October
Switzerland,5,Friends,YES,YES,The Venetian Las Vegas Hotel,November
Australia,5,Couples,YES,YES,The Venetian Las Vegas Hotel,November
Singapore,5,Families,YES,YES,The Venetian Las Vegas Hotel,December
USA,4,Couples,YES,YES,The Venetian Las Vegas Hotel,December
Australia,4,Solo,YES,YES,Bellagio Las Vegas,January
USA,5,Families,YES,YES,Bellagio Las Vegas,January
USA,4,Couples,YES,YES,Bellagio Las Vegas,February
USA,5,Business,YES,YES,Bellagio Las Vegas,February
India,5,Couples,YES,YES,Bellagio Las Vegas,March
USA,2,Business,YES,YES,Bellagio Las Vegas,March
Ireland,5,Business,YES,YES,Bellagio Las Vegas,April
Spain,2,Families,YES,YES,Bellagio Las Vegas,April
UK,3,Friends,YES,YES,Bellagio Las Vegas,May
UK,5,Couples,YES,YES,Bellagio Las Vegas,May
UK,5,Families,YES,YES,Bellagio Las Vegas,June
USA,4,Business,YES,YES,Bellagio Las Vegas,June
USA,5,Couples,YES,YES,Bellagio Las Vegas,July
Korea,4,Families,YES,YES,Bellagio Las Vegas,July
USA,4,Solo,YES,YES,Bellagio Las Vegas,August
Scotland,5,Families,YES,YES,Bellagio Las Vegas,August
Ireland,5,Couples,YES,YES,Bellagio Las Vegas,September
USA,4,Business,YES,YES,Bellagio Las Vegas,September
UK,5,Couples,YES,YES,Bellagio Las Vegas,October
UK,4,Couples,YES,YES,Bellagio Las Vegas,October
UK,5,Friends,YES,YES,Bellagio Las Vegas,November
Canada,5,Friends,YES,YES,Bellagio Las Vegas,November
India,4,Business,YES,YES,Bellagio Las Vegas,December
Malaysia,2,Families,YES,YES,Bellagio Las Vegas,December
USA,4,Couples,YES,YES,Paris Las Vegas,January
Canada,5,Couples,YES,YES,Paris Las Vegas,January
USA,2,Couples,YES,YES,Paris Las Vegas,February
USA,4,Friends,YES,YES,Paris Las Vegas,February
USA,2,Couples,YES,YES,Paris Las Vegas,March
USA,5,Couples,YES,YES,Paris Las Vegas,March
USA,4,Business,YES,YES,Paris Las Vegas,April
Canada,3,Friends,YES,YES,Paris Las Vegas,April
USA,5,Friends,YES,YES,Paris Las Vegas,May
USA,3,Couples,YES,YES,Paris Las Vegas,May
Australia,5,Couples,YES,YES,Paris Las Vegas,June
Costa Rica,3,Couples,YES,YES,Paris Las Vegas,June
USA,4,Couples,YES,YES,Paris Las Vegas,July
UK,4,Families,YES,YES,Paris Las Vegas,July
Egypt,5,Families,YES,YES,Paris Las Vegas,August
USA,5,Couples,YES,YES,Paris Las Vegas,August
USA,4,Couples,YES,YES,Paris Las Vegas,September
Canada,5,Couples,YES,YES,Paris Las Vegas,September
Canada,2,Couples,YES,YES,Paris Las Vegas,October
USA,5,Couples,YES,YES,Paris Las Vegas,October
USA,4,Couples,YES,YES,Paris Las Vegas,November
USA,5,Couples,YES,YES,Paris Las Vegas,November
Canada,5,Couples,YES,YES,Paris Las Vegas,December
USA,4,Friends,YES,YES,Paris Las Vegas,December
Canada,4,Couples,YES,YES,The Westin las Vegas Hotel Casino & Spa,January
USA,3,Families,YES,YES,The Westin las Vegas Hotel Casino & Spa,January
Italy,4,Solo,YES,YES,The Westin las Vegas Hotel Casino & Spa,February
USA,3,Couples,YES,YES,The Westin las Vegas Hotel Casino & Spa,February
USA,5,Business,YES,YES,The Westin las Vegas Hotel Casino & Spa,March
USA,5,Friends,YES,YES,The Westin las Vegas Hotel Casino & Spa,March
USA,4,Business,YES,YES,The Westin las Vegas Hotel Casino & Spa,April
Egypt,4,Solo,YES,YES,The Westin las Vegas Hotel Casino & Spa,April
USA,3,Friends,YES,YES,The Westin las Vegas Hotel Casino & Spa,May
USA,4,Couples,YES,YES,The Westin las Vegas Hotel Casino & Spa,May
USA,4,Solo,YES,YES,The Westin las Vegas Hotel Casino & Spa,June
USA,3,Business,YES,YES,The Westin las Vegas Hotel Casino & Spa,June
India,4,Families,YES,YES,The Westin las Vegas Hotel Casino & Spa,July
USA,5,Couples,YES,YES,The Westin las Vegas Hotel Casino & Spa,July
USA,3,Families,YES,YES,The Westin las Vegas Hotel Casino & Spa,August
USA,4,Couples,YES,YES,The Westin las Vegas Hotel Casino & Spa,August
USA,5,Solo,YES,YES,The Westin las Vegas Hotel Casino & Spa,September
USA,3,Couples,YES,YES,The Westin las Vegas Hotel Casino & Spa,September
UK,5,Couples,YES,YES,The Westin las Vegas Hotel Casino & Spa,October
UK,5,Couples,YES,YES,The Westin las Vegas Hotel Casino & Spa,October
Canada,4,Couples,YES,YES,The Westin las Vegas Hotel Casino & Spa,November
USA,4,Friends,YES,YES,The Westin las Vegas Hotel Casino & Spa,November
USA,2,Families,YES,YES,The Westin las Vegas Hotel Casino & Spa,December
USA,4,Families,YES,YES,The Westin las Vegas Hotel Casino & Spa,December
